Word,CEFR,Receptive_freq
abrupt,B2,1
absolut,B2,4
absurd,B2,2
absurd,C1,2
acceptabel,B1,1
acceptabel,C1,5
äcklig,A1,1
äcklig,A2,3
äcklig,B1,5
äcklig,B2,1
äcklig,C1,1
adekvat,C1,3
ädel,B2,1
ädel,C1,1
administrativ,B1,1
administrativ,C1,1
afrikansk,A2,1
afrikansk,B1,1
afrikansk,C1,1
aggressiv,B1,2
aggressiv,B2,3
aggressiv,C1,1
akademisk,C1,1
äkta,A2,3
äkta,B1,7
äkta,B2,2
äkta,C1,13
äktenskaplig,B2,1
aktiv,A1,2
aktiv,B1,19
aktiv,B2,10
aktiv,C1,5
aktuell,A2,2
aktuell,B1,5
aktuell,B2,3
aktuell,C1,5
ålderdomlig,B2,1
ålderdomlig,C1,1
alfabetisk,B2,2
alkoholfri,A2,1
all,B2,2
all,C1,3
allen,A2,1
allena,C1,1
allergisk,B1,2
allmän,A1,1
allmän,A2,2
allmän,B1,14
allmän,B2,7
allmän,C1,16
allmänmänsklig,C1,2
allomfattande,C1,2
allsköns,B2,1
allsköns,C1,5
allvarlig,A2,1
allvarlig,B1,6
allvarlig,B2,3
allvarlig,C1,6
allvarsam,B2,2
alpin,B1,1
altaisk,B2,1
alternativ,C1,2
ambitiös,C1,4
amerikansk,A1,4
amerikansk,A2,4
amerikansk,B1,9
amerikansk,B2,13
amerikansk,C1,18
anabol,B1,1
analytisk,B2,1
analytisk,C1,3
ändamålsenlig,C1,1
andfådd,B1,1
andlig,C1,4
ändlös,C1,1
andra,A1,15
andra,A2,51
andra,B1,141
andra,B2,227
andra,C1,256
angelägen,B2,1
angelägen,C1,3
anglosachsisk,B2,1
anglosaxisk,C1,1
ängslig,B2,5
ängslig,C1,1
anhörig,B2,1
anhörig,C1,1
anmärkningsvärd,C1,1
annan,A1,5
annan,A2,20
annan,B1,98
annan,B2,104
annan,C1,146
annorlunda,A2,1
annorlunda,B1,9
annorlunda,B2,8
annorlunda,C1,11
anonym,A2,1
anonym,B1,2
anonym,B2,1
anonym,C1,8
ansenlig,C1,3
anspråkslös,C1,5
ansvarig,C1,1
antikvarisk,B2,1
användbar,B1,3
användbar,C1,5
arabisk,A1,1
arabisk,A2,1
arabisk,B1,4
arabisk,B2,3
arabisk,C1,26
arbetsam,A2,1
arbetsam,B2,3
arbetsam,C1,2
arbetslös,A1,2
arbetslös,A2,7
arbetslös,B1,3
arbetslös,B2,3
arbetslös,C1,3
arg,A1,4
arg,A2,22
arg,B1,39
arg,B2,30
arg,C1,15
argentinsk,B1,2
argentinsk,B2,1
arkaisk,C1,4
arkeologisk,B1,1
årlig,B1,3
årlig,B2,2
årlig,C1,1
ärlig,B1,6
ärlig,B2,4
ärlig,C1,6
arm,B2,1
arm,C1,1
arrogant,B2,1
artig,B1,1
artig,B2,3
artig,C1,6
asiatisk,B2,1
asiatisk,C1,3
assyrisk,B2,1
assyrisk,C1,4
ätbar,B1,1
ätbar,B2,2
återhållsam,C1,3
återvinningsbar,B1,1
åtsittande,B1,1
åtskild,C1,2
åtskillig,C1,3
attraktiv,A2,1
attraktiv,B1,2
attraktiv,C1,1
auktoritär,B2,1
australisk,C1,4
autentisk,B1,1
autentisk,C1,5
automatisk,C1,1
avancerad,C1,2
äventyrlig,B1,1
äventyrlig,B2,1
äventyrlig,C1,2
avgiftsfri,A2,1
avgiftsfri,B1,1
avhängig,C1,2
avlägsen,B1,3
avlägsen,B2,1
avlägsen,C1,12
avlång,A2,2
avlång,B2,1
avlång,C1,3
avsiktlig,C1,5
avskyvärd,B2,1
avskyvärd,C1,1
avundsjuk,B1,2
avundsjuk,C1,2
aztekisk,B2,1
bakre,A1,1
bakre,A2,1
bakre,B2,3
bakre,C1,2
baltisk,A2,1
baltisk,B2,3
banal,B2,1
banal,C1,2
bar,A1,1
bar,A2,1
bar,B1,2
bar,C1,9
bärbar,B1,3
barbarisk,B1,1
barnlös,B1,1
barnlös,C1,3
barnslig,A2,3
barnslig,B1,4
barnslig,B2,4
barnslig,C1,1
baskisk,C1,1
begriplig,C1,3
behagfull,C1,2
behaglig,B2,1
behaglig,C1,1
behörig,B2,2
beige,B2,1
bekant,A1,2
bekant,A2,1
bekant,B1,6
bekant,B2,4
bekant,C1,11
bekväm,A1,1
bekväm,A2,1
bekväm,B1,3
bekväm,B2,1
bekväm,C1,1
belägen,B2,4
belägen,C1,1
belåten,B2,4
belåten,C1,4
belgisk,C1,1
benägen,B2,3
benägen,C1,8
bergsäker,C1,2
berömd,B2,1
besk,C1,2
besläktad,B2,1
bestämd,A1,2
bestämd,A2,1
bestämd,B2,2
bestämd,C1,2
besvärlig,B1,5
besvärlig,B2,5
besvärlig,C1,5
besviken,B1,4
besviken,B2,5
besviken,C1,10
besynnerlig,B2,1
betydelsefull,B2,4
betydelsefull,C1,4
bildlig,B2,3
bildlig,C1,3
bilfri,B2,2
billig,A1,3
billig,A2,23
billig,B1,28
billig,B2,17
billig,C1,8
biologisk,B2,5
biologisk,C1,8
bisarr,C1,3
bister,B2,4
bitter,A1,1
bitter,B1,1
bitter,C1,5
blå,A1,7
blå,A2,29
blå,B1,23
blå,B2,15
blå,C1,6
blågul,B1,2
blank,A2,1
blank,B1,1
blank,B2,1
blank,C1,6
blåsig,B1,1
blåsig,C1,3
blek,A2,2
blek,B1,1
blek,B2,5
blek,C1,10
blekblå,B2,1
blind,B1,1
blind,B2,5
blind,C1,3
blodig,B1,1
blodig,C1,1
blodtörstig,B1,1
blommig,A1,4
blommig,A2,2
blommig,B1,1
blond,A1,2
blond,A2,3
blond,C1,2
blöt,A2,2
blöt,B1,2
blöt,B2,2
blöt,C1,1
blott,B2,1
blott,C1,2
blyg,A2,5
blyg,B1,4
blyg,B2,4
blyg,C1,12
bökig,C1,2
boklig,C1,2
borgerlig,B1,9
borgerlig,B2,2
borgerlig,C1,8
bortglömd,B1,1
bortglömd,C1,3
bortrest,B1,6
bortrest,C1,1
bosatt,B2,2
bosatt,C1,2
bosnisk,A1,1
bosnisk,B1,2
bosnisk,B2,1
bra,A1,23
bra,A2,124
bra,B1,184
bra,B2,167
bra,C1,107
bräcklig,B2,1
bråd,B2,3
bråd,C1,1
bråkig,A2,3
bråkig,B2,4
bråkig,C1,1
bränslesnål,B2,3
brant,B1,6
brant,B2,5
bred,A1,3
bred,A2,4
bred,B1,2
bred,B2,6
bred,C1,8
briljant,C1,2
brittisk,B2,2
brittisk,C1,12
brokig,B2,1
brun,A1,1
brun,A2,14
brun,B1,17
brun,B2,3
brun,C1,2
brutal,B2,8
brutal,C1,3
bruten,C1,7
bullrig,C1,1
burdus,C1,3
burmansk,B2,1
busig,B1,4
bussig,B1,1
bysantinsk,B1,1
byxlös,B1,1
central,A2,2
central,B1,5
central,B2,5
central,C1,4
chanslös,B2,2
chanslös,C1,2
charmig,A2,2
charmig,B1,3
charmig,B2,1
charmig,C1,2
chilensk,A2,1
chilensk,B1,2
chilensk,C1,1
chockrosa,C1,1
cirkulär,C1,1
civil,A2,2
civil,B2,2
civil,C1,1
cool,B2,1
cool,C1,1
daglig,A2,1
daglig,B1,5
daglig,C1,5
dålig,A1,6
dålig,A2,13
dålig,B1,61
dålig,B2,84
dålig,C1,73
dämpad,C1,1
dansk,A1,4
dansk,A2,3
dansk,B1,17
dansk,B2,5
dansk,C1,2
darrig,B1,1
darrig,C1,1
dåvarande,B1,1
dåvarande,C1,4
defensiv,B2,9
delaktig,B2,1
delaktig,C1,1
dement,B2,2
demokratisk,C1,2
demonstrativ,A2,2
demonstrativ,B2,1
demonstrativ,C1,1
deppig,B1,1
desperat,A2,2
desperat,B1,2
desperat,B2,1
desperat,C1,1
dialektal,B2,1
dialektal,C1,3
diffus,C1,2
digital,B1,1
digital,B2,2
digital,C1,1
direkt,A2,1
direkt,B1,4
direkt,B2,9
direkt,C1,5
diverse,B2,2
diverse,C1,2
djärv,B2,1
djärv,C1,5
djup,A1,1
djup,A2,1
djup,B1,7
djup,B2,12
djup,C1,15
död,A2,3
död,B1,6
död,B2,8
död,C1,8
dödlig,B2,2
dödlig,C1,1
dödsdömd,B2,1
dödstrött,A2,3
dödstrött,B1,2
dödstrött,C1,1
dominant,B2,1
döv,B2,1
döv,C1,9
dragig,C1,2
dräktig,B1,1
dramatisk,C1,7
drastisk,C1,3
dravidisk,B2,1
drickbar,B1,1
drickbar,B2,1
drickbar,C1,1
driftig,B2,1
driftig,C1,1
dryg,B2,1
dryg,C1,4
dubbel,B2,2
dubbel,C1,1
dubbelsidig,A2,1
duktig,A2,10
duktig,B1,22
duktig,B2,18
duktig,C1,15
dum,A2,8
dum,B1,15
dum,B2,6
dum,C1,17
dunkel,B2,1
dunkel,C1,1
dylik,B1,1
dylik,C1,3
dynamisk,C1,1
dyr,A1,5
dyr,A2,24
dyr,B1,47
dyr,B2,20
dyr,C1,4
dyrbar,B1,3
dyrbar,B2,2
dyrbar,C1,1
dyster,B1,1
dyster,B2,3
dyster,C1,10
effektiv,A2,1
effektiv,B1,6
effektiv,B2,11
effektiv,C1,9
eftersökt,B1,1
eftersökt,C1,9
eftertänksam,B1,2
eftertänksam,B2,2
egen,A1,4
egen,A2,31
egen,B1,105
egen,B2,81
egen,C1,134
egendomlig,B2,1
egendomlig,C1,13
egendomslös,C1,2
egensinnig,B1,1
egentlig,C1,5
egoistisk,C1,4
ekologisk,A2,3
ekologisk,B2,7
elak,A2,1
elak,B1,5
elak,B2,3
elak,C1,10
eldfast,B1,1
eldfast,B2,1
eldröd,B1,1
elegant,B1,5
elegant,B2,2
elegant,C1,6
elektrisk,B2,4
elektrisk,C1,1
elektronisk,A2,1
elektronisk,B1,2
elektronisk,C1,2
ena,B1,16
ena,B2,23
ena,C1,23
enda,B1,15
enda,B2,21
enda,C1,34
endimensionell,C1,2
energisk,B2,4
energisk,C1,3
energisnål,B2,1
engelsk,A1,21
engelsk,A2,11
engelsk,B1,18
engelsk,B2,14
engelsk,C1,39
engelskspråkig,C1,1
enhetlig,B2,2
enhetlig,C1,9
enig,B2,7
enig,C1,1
enkel,A1,1
enkel,A2,9
enkel,B1,23
enkel,B2,27
enkel,C1,32
enkelriktad,B2,1
enkelriktad,C1,1
enorm,B1,3
enorm,B2,11
enorm,C1,12
ensam,A1,14
ensam,A2,25
ensam,B1,34
ensam,B2,32
ensam,C1,33
ensamstående,A2,1
ensamstående,B1,2
ensamstående,B2,5
ensamstående,C1,12
enskild,B1,3
enskild,B2,5
enskild,C1,13
enslig,B2,1
enslig,C1,5
enspråkig,A2,1
enspråkig,B2,4
enspråkig,C1,1
enstaka,B1,1
enstaka,C1,22
enstämmig,C1,2
entydig,B2,1
entydig,C1,1
enväldig,B1,1
enväldig,B2,1
enväldig,C1,1
envis,A2,1
envis,B1,2
envis,B2,3
envis,C1,1
estetisk,B1,2
estnisk,B1,1
estnisk,B2,1
estnisk,C1,4
etisk,B2,1
etnisk,A2,1
etnisk,C1,6
etnografisk,C1,2
etymologisk,B2,2
europeisk,A2,1
europeisk,B1,6
europeisk,B2,3
europeisk,C1,7
eventuell,A2,1
eventuell,B1,3
eventuell,B2,9
eventuell,C1,14
evig,B1,2
evig,B2,1
evig,C1,1
exakt,A2,1
exakt,B1,1
exakt,B2,2
exakt,C1,4
excentrisk,B2,4
exklusiv,C1,1
exotisk,A2,2
exotisk,B1,5
exotisk,B2,6
explosiv,C1,1
extensiv,A2,1
extra,A2,3
extra,B1,7
extra,B2,11
extra,C1,15
extraordinär,C1,2
extrem,B2,2
extrem,C1,2
få,A2,1
få,B1,8
få,B2,26
få,C1,20
facklig,C1,1
faderlig,C1,3
faktisk,B2,1
faktisk,C1,2
falsk,A2,2
falsk,B1,4
falsk,B2,2
falsk,C1,3
fånig,B2,1
fånig,C1,2
fantasifull,B1,1
fantasifull,B2,2
fantastisk,A1,1
fantastisk,A2,7
fantastisk,B1,12
fantastisk,B2,11
fantastisk,C1,10
färdig,A1,1
färdig,A2,15
färdig,B1,4
färdig,B2,14
färdig,C1,12
färgblind,B1,1
färgglad,B1,1
färgglad,C1,1
färglös,A2,1
färglös,C1,3
färgstark,B2,1
färgstark,C1,1
farlig,A2,10
farlig,B1,30
farlig,B2,21
farlig,C1,20
färöisk,B1,1
färsk,A1,1
färsk,A2,2
färsk,B1,10
färsk,B2,2
färsk,C1,1
fast,A2,1
fast,B1,2
fast,B2,17
fast,C1,20
fattig,A2,4
fattig,B1,20
fattig,B2,19
fattig,C1,24
feberfri,A2,1
feg,B2,1
fel,A1,4
fel,A2,11
fel,B1,16
fel,B2,16
fel,C1,16
felaktig,B1,1
felaktig,B2,2
felaktig,C1,12
feministisk,B1,1
femtioårig,B2,1
festlig,C1,1
fet,A1,2
fet,A2,4
fet,B1,3
fet,B2,6
fet,C1,1
fiffig,B2,3
fiffig,C1,5
fiktiv,C1,1
filippinsk,C1,1
filosofisk,C1,2
fin,A1,10
fin,A2,10
fin,B1,22
fin,B2,17
fin,C1,20
finsk,A1,5
finsk,A2,7
finsk,B1,5
finsk,B2,3
finsk,C1,3
finsk-ugrisk,B1,1
finsk-ugrisk,C1,1
finstämd,B2,1
fjärran,B1,1
fjärran,B2,1
fjärran,C1,1
flashig,C1,1
flerårig,C1,1
flerspråkig,C1,13
flexibel,B1,1
flexibel,B2,6
flexibel,C1,1
flitig,A2,3
flitig,B1,1
flitig,B2,5
flitig,C1,1
flyttbar,B1,1
flyttbar,B2,2
flyttbar,C1,1
född,B2,1
folkkär,B1,3
folkkär,B2,3
folklig,C1,1
fonetisk,C1,2
föräldraledig,B1,2
förbannad,B2,1
förbjuden,B1,3
förbjuden,B2,2
föregående,B1,1
föregående,B2,1
föregående,C1,5
förfärlig,B1,2
förfärlig,B2,1
förhandlingsbar,C1,2
förlägen,B2,4
formbar,B2,1
formell,A2,1
formell,B1,1
formell,B2,8
formell,C1,16
förmodern,C1,1
forn,C1,2
förnäm,B2,3
fornstor,B1,1
fornsvensk,B2,1
fornsvensk,C1,4
förra,A1,7
förra,A2,33
förra,B1,16
förra,B2,11
förra,C1,15
förrförra,B2,1
försiktig,A2,3
försiktig,B1,2
försiktig,B2,7
försiktig,C1,8
förskräckt,B2,1
förskrämd,C1,1
förstådd,C1,3
förståelig,B2,1
förståndig,B2,1
förstnämnd,C1,3
försupen,B2,1
försvarslös,B2,1
försvunnen,B1,1
förtjust,B1,3
förtjust,B2,6
förtjust,C1,3
förträfflig,B1,1
förträfflig,C1,1
förtrogen,C1,1
förväntansfull,B1,1
förväntansfull,B2,1
fossil,B2,4
fossil,C1,1
fräck,B1,2
fräck,B2,1
fräck,C1,5
framgångsrik,B1,4
framgångsrik,B2,11
framgångsrik,C1,2
främmande,A2,1
främmande,B1,2
främmande,B2,9
främmande,C1,35
främre,A2,1
främre,B1,1
främst,B2,4
framstående,B2,2
framtida,B1,1
framtida,B2,4
framtida,C1,2
fransk,A1,1
fransk,A2,1
fransk,B1,8
fransk,B2,3
fransk,C1,9
frånskild,A2,1
frånskild,B1,1
frånskild,C1,4
frånvarande,C1,2
fräsch,A2,3
fräsch,B1,7
fräsch,B2,3
fräsch,C1,2
fräsig,B1,1
fräsig,C1,1
fredlig,C1,2
fri,B1,3
fri,C1,6
fridfull,B2,3
fridfull,C1,1
fridsam,B1,2
frigjord,C1,1
frisk,A1,2
frisk,A2,5
frisk,B1,17
frisk,B2,15
frisk,C1,6
frispråkig,B1,1
frivillig,B1,3
frivillig,B2,5
frivillig,C1,2
fruktansvärd,B1,1
fruktansvärd,B2,5
fruktansvärd,C1,3
ful,A1,2
ful,A2,7
ful,B1,5
ful,B2,6
ful,C1,16
full,A1,1
full,A2,4
full,B1,10
full,B2,18
full,C1,25
fullkomlig,B2,2
fullkomlig,C1,4
fullständig,A2,1
fullständig,B1,2
fullständig,B2,5
fullständig,C1,9
fullvuxen,B1,3
fundamental,C1,2
funktionell,B1,3
funktionell,C1,3
futtig,B2,1
fyndig,C1,6
fyrfaldig,A2,3
fysisk,A2,1
galen,A2,1
galen,B1,4
galen,B2,7
galen,C1,2
gammal,A1,27
gammal,A2,70
gammal,B1,182
gammal,B2,162
gammal,C1,132
gammaldags,C1,3
gångbar,B2,2
gångbar,C1,7
gåtfull,C1,11
gedigen,B2,1
gedigen,C1,4
gemen,B2,1
gemensam,A2,1
gemensam,B1,11
gemensam,B2,14
gemensam,C1,33
generell,A2,1
generell,C1,9
generös,B1,1
generös,B2,5
generös,C1,5
genetisk,B2,1
genetisk,C1,1
genial,C1,3
genialisk,C1,1
genomblöt,B2,2
genomskinlig,B1,1
genomskinlig,C1,2
genomsnittlig,B1,2
genomsnittlig,C1,4
gentil,C1,2
genuin,B1,1
genuin,C1,14
geografisk,B2,2
geografisk,C1,5
germansk,B1,3
germansk,B2,4
germansk,C1,2
giftfri,B2,1
giftig,A2,1
giftig,B1,2
giftig,B2,1
gigantisk,B1,1
gigantisk,C1,2
givande,B1,1
givande,B2,1
givmild,B2,2
glad,A1,12
glad,A2,21
glad,B1,52
glad,B2,40
glad,C1,53
glädjerik,B1,1
glamorös,B1,2
glansig,B2,2
global,B2,7
global,C1,1
god,A1,17
god,A2,16
god,B1,72
god,B2,104
god,C1,96
godtagbar,C1,1
gotisk,C1,2
gotländsk,B2,1
grå,A2,4
grå,B1,11
grå,B2,9
grå,C1,10
grafisk,B1,1
grafisk,B2,2
grammatisk,A2,1
grammatisk,B1,4
grammatisk,B2,1
grammatisk,C1,2
gräslig,B2,3
gratis,A2,1
gravid,B2,3
gravid,C1,8
grekisk,A1,2
grekisk,A2,1
grekisk,B1,6
grekisk,B2,10
grekisk,C1,18
grinig,B2,1
grön,A1,1
grön,A2,27
grön,B1,43
grön,B2,16
grön,C1,5
grotesk,C1,1
grov,B1,2
grov,B2,1
grov,C1,4
grund,B1,1
grund,C1,1
grundlig,C1,2
grym,B1,3
grym,B2,5
grym,C1,2
gubbig,B2,1
gudomlig,C1,5
gul,A1,4
gul,A2,34
gul,B1,29
gul,B2,2
gul,C1,1
gulaktig,B1,1
gullig,B1,11
gullig,B2,1
gullig,C1,2
gyllene,B2,2
gyllene,C1,3
gyllne,B2,1
gymnastisk,B1,1
hackig,B2,1
hackig,C1,4
häftig,C1,4
haitisk,C1,2
hållbar,B2,16
hållbar,C1,1
hållningslös,B2,2
hälsosam,B1,1
hälsosam,B2,2
hälsosam,C1,1
halv,A1,51
halv,A2,28
halv,B1,16
halv,B2,18
halv,C1,15
halvklar,A1,1
halvklar,A2,1
halvmörk,B2,1
hämndlysten,B2,1
händelserik,B2,2
händig,A2,3
händig,B1,1
händig,C1,4
hänsynsfull,A2,1
hänsynsfull,C1,2
hänsynslös,C1,2
häpen,B2,3
häpen,C1,5
hård,A1,1
hård,A2,5
hård,B1,11
hård,B2,30
hård,C1,14
hårig,B1,1
härlig,A2,5
härlig,B1,13
härlig,B2,15
härlig,C1,4
harmonisk,B1,3
harmonisk,B2,3
hastig,B1,1
hastig,B2,3
hastig,C1,1
hatisk,C1,1
hawaiiansk,C1,1
hebreisk,B2,1
hebreisk,C1,1
hederlig,B1,5
hederlig,B2,1
hederlig,C1,1
hednisk,B2,2
hejdlös,C1,3
hektisk,B1,2
hel,A1,13
hel,A2,68
hel,B1,120
hel,B2,171
hel,C1,131
helig,A2,1
helig,B1,3
helig,B2,2
helig,C1,6
helskinnad,C1,3
helstekt,B2,1
helsvensk,A1,1
helsvensk,B1,1
helvit,B2,2
hembakad,B1,3
hembakt,B2,1
hembakt,C1,1
hemkär,C1,2
hemlig,C1,7
hemlighetsfull,B2,1
hemlighetsfull,C1,3
hemlös,B2,7
hemmavarande,B1,1
hemmavarande,C1,2
hemsk,A2,1
hemsk,B1,5
hemsk,B2,8
hemsk,C1,3
heroisk,B1,1
het,A1,1
het,A2,1
het,B1,2
het,B2,3
het,C1,12
heterogen,C1,4
heterosexuell,C1,3
hierarkisk,B1,1
hierarkisk,C1,2
himmelsk,B2,1
himmelsk,C1,1
historisk,A2,2
historisk,B1,12
historisk,B2,8
historisk,C1,5
hjälplös,B2,2
hjälpsam,A2,1
hjälpsam,B1,3
hjälpsam,B2,1
hjälpsam,C1,1
hjärtlös,B1,1
hjärtlös,C1,1
hjärtsjuk,B1,1
hög,A1,1
hög,A2,11
hög,B1,68
hög,B2,97
hög,C1,82
höger,A1,1
höger,A2,1
höger,B1,6
höger,B2,9
höger,C1,9
högklackad,B1,3
högklackad,C1,2
högklassig,B2,1
högljudd,B1,1
högljudd,B2,2
högljudd,C1,1
högtidlig,B1,1
högtidlig,B2,4
högtidlig,C1,1
holländsk,B1,1
holländsk,B2,1
holländsk,C1,3
homo,C1,1
homogen,C1,4
homosexuell,C1,25
hopfällbar,B1,1
hopfällbar,C1,1
hoppfull,B1,1
hoppfull,C1,1
hopplös,A2,5
hopplös,B1,1
hopplös,C1,1
hörbar,C1,4
hotfull,B1,1
hotfull,B2,2
hotfull,C1,4
hövlig,B2,1
humanitär,B1,1
humoristisk,B1,2
humoristisk,B2,7
humoristisk,C1,1
hundrade,A2,3
hungrig,A1,7
hungrig,A2,7
hungrig,B1,14
hungrig,B2,5
hungrig,C1,8
hurdan,A2,1
hurtig,B2,1
hurtig,C1,2
huslig,A2,2
huvudsaklig,B1,1
hygglig,A2,1
hygglig,B1,2
hygglig,C1,4
hysterisk,B1,2
hysterisk,C1,1
icke-svensk,C1,4
icke-verbal,C1,5
idealisk,B2,1
idealisk,C1,1
ideell,B2,6
identisk,C1,2
ideologisk,C1,2
idérik,B1,1
idérik,C1,2
idiomatisk,B2,1
idiomatisk,C1,3
idiotisk,A2,2
idiotisk,B1,1
idiotisk,C1,2
ihållande,B1,2
ihållande,C1,4
illaluktande,B1,2
illegal,C1,1
ilsken,B1,3
ilsken,B2,4
ilsken,C1,3
imbecill,C1,2
impopulär,B1,1
impopulär,C1,1
impulsiv,B1,1
impulsiv,B2,1
impulsiv,C1,3
inbunden,B2,2
inbunden,C1,1
indirekt,A2,2
indirekt,B1,12
indirekt,B2,7
indirekt,C1,3
indisk,A1,1
indisk,A2,2
indisk,B1,1
indisk,B2,1
indisk,C1,4
individuell,B2,4
individuell,C1,3
indoeuropeisk,B1,2
indoeuropeisk,B2,4
indoeuropeisk,C1,9
indonesisk,A2,1
indonesisk,B2,1
industriell,B1,1
infantil,B1,1
infödd,B2,1
infödd,C1,12
informativ,C1,2
informell,A2,1
informell,B2,6
informell,C1,2
inkorrekt,C1,3
innehållslig,C1,1
innersta,B1,1
innersta,C1,2
inre,B2,4
inre,C1,10
inrikespolitisk,B2,1
inrutad,C1,2
inställsam,C1,4
instruktiv,C1,1
instrumentell,C1,2
intellektuell,B2,2
intellektuell,C1,4
intelligent,A2,3
intelligent,B1,4
intelligent,C1,5
intensiv,A2,1
intensiv,B1,1
intensiv,B2,4
intensiv,C1,11
interkulturell,C1,3
internationell,A1,4
internationell,A2,4
internationell,B1,6
internationell,B2,8
internationell,C1,32
internordisk,C1,1
intilliggande,C1,1
intim,C1,3
intressant,A1,2
intressant,A2,17
intressant,B1,31
intressant,B2,28
intressant,C1,18
intresseväckande,B1,1
intuitiv,B2,1
invandrartät,B2,1
invandrartät,C1,2
irakisk,A1,1
irakisk,B1,2
irakisk,B2,1
iransk,B1,3
iransk,B2,1
iransk,C1,1
ironisk,A2,1
ironisk,B2,1
iskall,C1,2
islamsk,B2,1
isländsk,B1,3
isländsk,B2,1
isländsk,C1,6
italiensk,A1,3
italiensk,A2,9
italiensk,B1,8
italiensk,B2,8
italiensk,C1,3
ivrig,B2,1
ivrig,C1,1
jädra,B2,1
jäkla,B2,1
jäkla,C1,1
jämgammal,C1,2
jämlik,B1,1
jämlik,C1,4
jämn,A2,2
jämn,B2,3
jämn,C1,7
jämnvarm,C1,2
jämställd,B1,1
jämställd,B2,2
jämställd,C1,4
japansk,A1,5
japansk,A2,6
japansk,B1,15
japansk,B2,2
japansk,C1,5
jättearg,A2,1
jättearg,C1,1
jättebra,A2,3
jättebra,B1,4
jättebra,B2,5
jättebra,C1,2
jätteduktig,B2,3
jätteduktig,C1,1
jättedum,B1,1
jättedyr,A2,3
jättedyr,B1,1
jättedyr,B2,1
jättefin,A2,1
jätteglad,A2,2
jätteglad,B1,1
jättegod,A2,5
jättegod,B2,3
jättejobbig,A1,1
jättejobbig,B2,1
jättekonstig,B1,1
jättekul,A2,1
jätteledsen,B2,1
jättelik,B2,1
jättelik,C1,4
jättenervös,C1,1
jätterolig,A2,3
jätteskön,A2,1
jättesnäll,B2,1
jättesnygg,B1,1
jättesöt,A2,1
jättestor,A2,6
jättestor,B1,2
jättestor,B2,3
jättestor,C1,1
jättetråkig,A1,2
jättetråkig,B2,1
jättetråkig,C1,2
jättetrevlig,A1,1
jättetrevlig,A2,4
jättetrevlig,B1,1
jättetrevlig,B2,2
jättetrevlig,C1,1
jättetrött,A2,2
jätteviktig,B1,4
jävla,B2,3
jävla,C1,2
jobbig,A2,1
jobbig,B1,13
jobbig,B2,4
jobbig,C1,9
jordig,B1,1
jordnära,C1,2
juridisk,C1,3
juris,A2,5
kafkaartad,C1,1
kal,A2,1
kal,C1,1
kall,A1,13
kall,A2,24
kall,B1,43
kall,B2,24
kall,C1,12
kallsvettig,B2,1
kamratlig,C1,1
känd,B1,2
kännbar,B1,1
kännbar,B2,1
kännbar,C1,1
känslig,B1,2
känslig,B2,2
känslig,C1,11
känslokall,B2,1
känslomässig,C1,4
kantonesisk,C1,1
kaotisk,B2,2
kaotisk,C1,2
kapprak,B2,1
kär,A1,3
kär,A2,8
kär,B1,12
kär,B2,19
kär,C1,8
karaktäristisk,B2,2
karaktäristisk,C1,1
karakteristisk,B2,2
karakteristisk,C1,1
karg,C1,3
karismatisk,B2,1
kärleksfull,B2,1
kärleksfull,C1,2
kärv,C1,4
katastrofal,B2,1
katastrofal,C1,3
katolsk,B1,3
katolsk,B2,3
katolsk,C1,2
keff,C1,5
kinesisk,A1,4
kinesisk,A2,7
kinesisk,B1,8
kinesisk,B2,3
kinesisk,C1,3
kinkig,C1,2
kitslig,B2,1
klar,A1,2
klar,A2,1
klar,B1,4
klar,B2,10
klar,C1,8
klassisk,A1,3
klassisk,A2,2
klassisk,B1,8
klassisk,B2,4
klimatologisk,C1,1
klimatsmart,B2,15
klinisk,B2,1
klok,A1,1
klok,A2,1
klok,B1,6
klok,B2,14
klok,C1,25
knapp,A2,1
knapp,B2,2
knapp,C1,1
knasig,B1,1
knasig,B2,3
knasig,C1,1
knepig,C1,4
knölig,B2,2
knottrig,B2,2
kollektiv,B2,4
kollektiv,C1,2
kolsvart,C1,1
kommersiell,B1,1
kommersiell,B2,1
kommunal,A2,2
kommunal,B1,4
kommunal,B2,1
kommunal,C1,5
kommunistisk,A2,1
kommunistisk,C1,1
kompakt,B2,1
kompakt,C1,1
komparativ,A2,2
komparativ,B1,5
komparativ,B2,5
komparativ,C1,4
kompetent,B1,2
kompetent,B2,1
kompetent,C1,1
komplex,C1,5
konfliktfylld,B2,1
konkret,B2,2
konkret,C1,3
konservativ,A2,1
konservativ,C1,2
könsneutral,C1,4
konstant,B2,2
konstant,C1,2
konstgjord,B1,2
konstgjord,B2,1
konstgjord,C1,7
konstig,A2,12
konstig,B1,16
konstig,B2,16
konstig,C1,20
konstitutionell,A2,1
konstitutionell,B1,1
konstnärlig,B1,6
konstnärlig,C1,3
konstruktiv,B1,1
kontant,A2,1
kontant,B2,1
kontinental,B2,1
kontraproduktiv,C1,2
kontroversiell,C1,3
konventionell,B1,1
konvulsivisk,C1,1
koptisk,B2,1
koreansk,A1,2
koreansk,A2,2
koreansk,B2,1
korkad,B2,1
korkad,C1,1
korrekt,B1,1
korrekt,B2,3
korrekt,C1,10
kort,A1,3
kort,A2,21
kort,B1,49
kort,B2,69
kort,C1,67
kortsiktig,B2,1
kortsiktig,C1,2
kortvarig,B1,1
kortvarig,C1,1
kosmetisk,B1,1
kostnadsfri,C1,1
kostsam,B2,1
kraftfull,B2,1
kraftfull,C1,4
kraftig,B1,2
kraftig,B2,7
kraftig,C1,8
kram,B2,1
kramgo,B2,1
kramgo,C1,1
krånglig,B1,1
krånglig,B2,3
krånglig,C1,2
kräsen,C1,4
kreativ,B1,1
kreativ,B2,9
kreativ,C1,8
kriminell,B1,5
kringelikrokig,C1,1
kristallklar,B1,1
kristen,B1,1
kristen,B2,11
kristen,C1,2
kritisk,B2,1
kritisk,C1,4
kroatisk,B2,1
krokig,A1,1
krokig,B2,5
krokig,C1,1
kronisk,B2,1
kronologisk,B1,1
kronologisk,B2,1
kronologisk,C1,2
kroppslig,B2,1
kroppslig,C1,3
kry,A2,2
kry,B1,1
kry,C1,2
kul,A1,9
kul,A2,15
kul,B1,16
kul,B2,10
kul,C1,13
kulört,C1,1
kulturell,B1,7
kulturell,B2,4
kulturell,C1,2
kunglig,A2,1
kunglig,B1,5
kunglig,C1,2
kunnig,B2,1
kunnig,C1,4
kurdisk,B2,5
kurdisk,C1,5
kvick,B2,1
kyffig,C1,1
kylig,B2,1
kylig,C1,1
kyrklig,B1,1
kyrklig,B2,1
kyrklig,C1,5
läcker,B2,2
låg,A1,1
låg,A2,2
låg,B1,26
låg,B2,28
låg,C1,29
laga,A1,1
laga,A2,2
laga,B1,5
lågmäld,B2,1
lagom,A1,1
lagom,B2,3
lagom,C1,10
lämplig,A1,1
lämplig,A2,2
lämplig,B1,6
lämplig,B2,15
lämplig,C1,20
lång,A1,16
lång,A2,37
lång,B1,107
lång,B2,102
lång,C1,89
långbent,B2,1
långhårig,A2,1
långsam,A1,1
långsam,B1,8
långsam,B2,6
långsam,C1,4
långsiktig,C1,1
långsmal,B2,1
långsmal,C1,1
långtgående,B2,1
långtråkig,C1,1
långvarig,C1,2
lantlig,C1,1
läraktig,C1,2
lärd,B1,1
lärd,B2,3
lärd,C1,2
läskig,B1,3
läskig,B2,1
läsvärd,C1,1
lat,A2,2
lat,B1,5
lat,B2,5
lat,C1,3
latinsk,B2,7
latinsk,C1,4
lätt,A1,2
lätt,A2,2
lätt,B1,5
lätt,B2,3
lätt,C1,6
lätt,A2,3
lätt,B1,24
lätt,B2,41
lätt,C1,49
lätt,B1,1
lätt,B2,2
lätt,C1,1
lättantändlig,B2,1
lätthanterlig,B1,1
lättillgänglig,B2,1
lättirriterad,B1,1
lättjefull,C1,2
lättodlad,B2,1
lättöverskådlig,B2,2
lättsam,C1,4
lättsinnig,C1,3
ledig,A1,6
ledig,A2,20
ledig,B1,8
ledig,B2,8
ledig,C1,3
ledsen,A1,5
ledsen,A2,20
ledsen,B1,15
ledsen,B2,13
ledsen,C1,11
legendarisk,C1,2
lekfull,B1,2
len,B2,1
len,C1,5
lesbisk,C1,5
lettisk,C1,1
libanesisk,A2,2
liberal,B2,1
liberal,C1,1
lik,A1,4
lik,B1,6
lik,B2,3
lik,C1,7
likadan,B1,6
likadan,B2,12
likadan,C1,16
likasinnad,B2,1
likasinnad,C1,1
likblek,B2,1
likgiltig,C1,5
likvärdig,B2,3
likvärdig,C1,3
lila,A2,1
lila,B1,2
lila,B2,3
lindrig,C1,7
lingonröd,B1,2
listig,A2,1
listig,B2,4
listig,C1,1
liten,A1,39
liten,A2,70
liten,B1,176
liten,B2,187
liten,C1,157
litterär,B1,1
litterär,B2,2
litterär,C1,3
live,B2,2
livfull,B1,1
livfull,C1,1
livlig,B1,1
livlig,B2,6
livlig,C1,7
livrädd,B1,1
livrädd,B2,4
livsfarlig,B1,1
livsfarlig,C1,1
livsnödvändig,C1,1
livsviktig,B2,2
ljum,B1,1
ljummen,B1,1
ljus,A1,1
ljus,A2,7
ljus,B1,16
ljus,B2,17
ljus,C1,4
ljusblå,A2,2
ljusblå,B1,1
ljusblå,B2,2
ljusblå,C1,1
ljuv,B2,1
ljuvlig,B2,3
ljuvlig,C1,6
lodrät,B2,1
logisk,B1,1
logisk,B2,1
logisk,C1,2
lojal,B1,1
lojal,B2,1
lojal,C1,2
löjeväckande,C1,1
löjlig,A2,1
löjlig,B1,2
löjlig,B2,1
löjlig,C1,5
lokal,A1,1
lokal,A2,3
lokal,B1,6
lokal,B2,17
lokal,C1,8
lönlös,B2,1
lönlös,C1,6
lönsam,B1,3
lortig,C1,2
lösaktig,B2,2
lovlig,B2,1
luftig,B1,1
lufttom,B2,1
lugn,A1,2
lugn,A2,9
lugn,B1,9
lugn,B2,21
lugn,C1,9
luktfri,B1,1
lummig,B2,1
lungsjuk,C1,1
lurvig,B2,1
lustig,B1,2
lustig,B2,2
lutheransk,B1,1
luthersk,C1,1
lycklig,A2,6
lycklig,B1,10
lycklig,B2,19
lycklig,C1,9
lydig,B1,2
lydig,C1,3
lyhörd,B2,1
lyrisk,B1,1
lyrisk,B2,1
lyxig,B2,7
mager,B2,4
mager,C1,1
magisk,B1,2
magisk,B2,3
magisk,C1,3
magnifik,C1,5
majestätisk,C1,1
mäktig,B1,1
mäktig,B2,1
mäktig,C1,1
mäktig,B1,2
mäktig,B2,2
mäktig,C1,1
maktlös,B2,1
maktlös,C1,1
mammaledig,A2,1
mån,C1,1
mångårig,B2,2
mången,A2,12
mången,B1,48
mången,B2,67
mången,C1,65
mångsidig,B2,2
mångsidig,C1,8
mångspråkig,C1,1
manshög,B2,1
mänsklig,C1,1
manuell,C1,3
maorisk,C1,1
märkbar,C1,5
märklig,B1,1
märklig,B2,6
märklig,C1,11
märkvärdig,B1,2
märkvärdig,B2,8
matematisk,A2,1
matematisk,C1,2
mätt,B2,1
måttlig,A2,1
måttlig,B2,2
maximal,C1,1
medelgod,B2,1
medelstor,C1,2
medeltida,B1,2
medfödd,B2,1
medicinsk,B1,2
medtagen,B2,1
medveten,B1,2
medveten,B2,8
medveten,C1,16
mekanisk,A2,2
mekanisk,B2,2
melankolisk,C1,2
mellanstor,A2,1
mellanstor,B1,1
mellersta,A2,1
mellersta,B2,3
melodiös,C1,1
meningsfull,B2,1
meningsfull,C1,1
mental,B2,1
mental,C1,3
metaforisk,B2,1
metaforisk,C1,1
metallisk,B2,1
mexikansk,A2,1
mexikansk,B2,1
mild,B1,2
mild,C1,1
militär,A2,4
militär,B1,2
militär,B2,2
militär,C1,2
miljöfarlig,B2,3
miljömässig,B1,1
miljömedveten,B2,3
miljövänlig,A2,1
miljövänlig,B1,2
miljövänlig,B2,11
miljövänlig,C1,1
minderårig,C1,1
mindervärdig,C1,2
minimal,B2,1
minnesvärd,B2,1
missbelåten,B2,2
misslyckad,B2,1
misslyckad,C1,1
misslynt,B2,1
missnöjd,A2,2
missnöjd,B1,2
missnöjd,B2,9
missnöjd,C1,7
misstänksam,B1,1
misstänksam,C1,1
missvisande,B2,1
mjuk,A1,2
mjuk,B1,2
mjuk,B2,3
mjuk,C1,2
mjuk,B2,1
mjuk,A2,2
mjuk,B2,8
mjuk,C1,4
mobil,B1,4
mobil,B2,2
mobil,C1,15
moderat,A2,2
moderat,B2,1
modern,A2,14
modern,B1,13
modern,B2,22
modern,C1,35
modig,B1,3
modig,B2,9
modig,C1,3
mödosam,C1,4
mogen,A1,1
mogen,B1,4
mogen,C1,5
möjlig,A1,1
möjlig,A2,3
möjlig,B1,30
möjlig,B2,30
möjlig,C1,46
möjlig,A2,1
möjlig,B1,4
möjlig,B2,1
möjlig,C1,2
molnfri,B1,2
molnig,A1,1
molnig,A2,1
molnig,B1,2
molnig,C1,1
monteringsfärdig,A2,1
monumental,C1,1
morgonpigg,A2,1
morgonpigg,B2,1
mörk,A1,4
mörk,A2,16
mörk,B1,21
mörk,B2,24
mörk,C1,5
mörkblå,A2,1
mörkblå,B1,4
mörkblond,A1,1
mörkgrå,B2,1
mörkgrön,A2,1
mörkgrön,B1,1
mörkhårig,B1,3
mörkklädd,C1,2
mörkröd,A2,1
mörkröd,B1,3
mörkröd,B2,1
mossig,B1,1
motordriven,B1,1
motordriven,B2,1
motsägelsefull,B1,1
motsägelsefull,C1,5
mulen,A2,1
mulen,B1,2
mulen,C1,2
multinationell,B1,1
munter,C1,2
muntlig,B1,4
muntlig,B2,3
muntlig,C1,12
musikalisk,B1,2
musikalisk,C1,1
musikalisk,B1,2
muskulös,B1,2
muslimsk,C1,1
mycken,A2,3
mycken,B1,17
mycken,B2,15
mycken,C1,10
myndig,B1,10
myndig,C1,2
mysig,A2,2
mysig,B1,7
mysig,B2,2
mysig,C1,2
mystisk,B1,4
mystisk,B2,3
mystisk,C1,4
nåbar,C1,12
nådig,B1,1
naken,A2,4
naken,B1,1
naken,B2,3
nära,A2,5
nära,B1,12
nära,B2,21
nära,C1,29
närbesläktad,C1,1
närliggande,C1,6
närstående,B1,1
nästa,A1,19
nästa,A2,44
nästa,B1,49
nästa,B2,36
nästa,C1,26
nationell,A2,1
nationell,B1,1
nationell,B2,2
nationell,C1,2
nätt,B2,1
nattaktiv,C1,1
nattlig,C1,1
nattsvart,B2,1
naturalistisk,B2,2
naturalistisk,C1,1
naturlig,A2,1
naturlig,B1,6
naturlig,B2,15
naturlig,C1,19
naturvetenskaplig,A2,1
naturvetenskaplig,B1,1
naturvetenskaplig,B2,1
naturvetenskaplig,C1,4
nederländsk,B2,1
nederländsk,C1,2
nedlåtande,C1,15
nedstämd,B1,1
nedstämd,C1,2
negativ,A2,1
negativ,B2,3
negativ,B1,8
negativ,B2,25
negativ,C1,19
nermörk,B2,1
neutral,B2,4
neutral,C1,9
nigeriansk,C1,1
nioårig,B1,1
nitisk,B2,1
nödvändig,B1,6
nödvändig,B2,9
nödvändig,C1,14
noga,B1,3
noga,B2,6
noga,C1,4
noggrann,A2,1
noggrann,B1,1
noggrann,B2,4
noggrann,C1,5
nöjd,B1,1
nöjd,B2,2
nöjd,C1,3
nonchalant,C1,3
nordafrikansk,A2,1
nordafrikansk,C1,3
nordamerikansk,B2,1
nordisk,A2,1
nordisk,B1,16
nordisk,B2,6
nordisk,C1,10
nordlig,B2,3
nordöstra,B2,1
nordsamisk,C1,1
nordtysk,B1,1
nordtysk,B2,1
nordvästra,B2,1
normal,A2,3
normal,B1,7
normal,B2,3
normal,C1,5
norra,A1,3
norra,A2,9
norra,B1,10
norra,B2,9
norra,C1,4
norrländsk,B2,1
norrländsk,C1,2
norsk,A2,1
norsk,B1,12
norsk,B2,2
norsk,C1,5
norsk,A1,1
norsk,B1,1
norsk,C1,1
nutida,C1,2
ny,A1,31
ny,A2,81
ny,B1,244
ny,B2,158
ny,C1,183
nyckfull,C1,2
nyfiken,A2,1
nyfiken,B1,5
nyfiken,B2,4
nyfiken,C1,2
nykter,B2,1
nykter,C1,1
nynorsk,C1,2
nyttig,A2,1
nyttig,B1,11
nyttig,B2,12
nyttig,C1,1
nyväckt,C1,1
nyzeeländsk,A2,1
nyzeeländsk,C1,1
oacceptabel,B1,1
oacceptabel,C1,2
oändlig,B2,1
oändlig,C1,3
oantastlig,C1,2
oaptitlig,B1,1
oärlig,B1,2
oartig,B1,2
oartig,B2,2
oartig,C1,9
oåtkomlig,B1,1
oåtkomlig,C1,2
oätlig,B1,1
obebodd,A2,1
obebyggd,B2,1
obefintlig,B2,2
obefintlig,C1,3
obegriplig,B2,1
obegriplig,C1,10
obehaglig,B2,6
obehaglig,C1,7
obehörig,C1,1
obekant,B2,1
obekant,C1,5
obekväm,A1,1
obekväm,B1,2
obekväm,C1,4
obestämd,A1,4
obestämd,A2,6
obestämd,B1,31
obestämd,B2,7
obestämd,C1,5
obetonad,B1,2
obetonad,B2,1
obildad,B2,1
objektiv,B1,1
objektiv,B2,3
objektiv,C1,7
objuden,B2,1
oblekt,B2,3
obligatorisk,A2,4
obligatorisk,B1,3
obligatorisk,B2,5
obligatorisk,C1,1
obotlig,C1,2
öde,B1,3
ödesmättad,C1,1
ödmjuk,C1,5
oekonomisk,B1,1
oekonomisk,C1,1
oemotståndlig,C1,3
oenig,C1,5
oerhörd,B2,4
oerhörd,C1,1
ofarlig,B2,1
ofarlig,C1,1
offentlig,B1,3
offentlig,B2,8
offentlig,C1,6
officiell,A2,5
officiell,B1,2
officiell,B2,1
officiell,C1,4
offshore,C1,1
ofin,B1,1
ofin,C1,1
oföränderlig,B2,1
oförändrad,C1,3
oförskämd,B2,1
oförstående,B1,1
oförutsedd,B2,1
ofri,B1,1
ofri,C1,2
ogift,A1,9
ogift,A2,2
ogift,B1,4
ogift,B2,3
ogift,C1,4
ohämmad,C1,2
ohörbar,C1,1
ohövlig,B1,1
ohövlig,C1,3
ointressant,A2,3
ointresserad,A2,1
ointresserad,B1,1
ointresserad,B2,3
ointresserad,C1,2
ojämn,B2,3
okänd,B1,1
okänd,B2,12
okänd,C1,8
okänslig,C1,3
okej,A1,1
okej,A2,1
okej,B1,6
okej,B2,3
okej,C1,6
oklar,B1,1
oklar,B2,4
oklar,C1,4
okomplicerad,C1,1
okunnig,B1,1
okunnig,C1,1
olaglig,B1,2
olaglig,C1,2
olämplig,B1,1
olämplig,B2,1
olämplig,C1,4
olik,A1,5
olik,A2,45
olik,B1,147
olik,B2,190
olik,C1,165
olustig,C1,2
olycklig,A2,1
olycklig,B1,2
olycklig,B2,7
olycklig,C1,3
olympisk,B1,4
öm,B2,2
omanlig,B1,1
omanlig,C1,2
omänsklig,B2,4
omättlig,B2,2
omedveten,B2,2
omedveten,C1,3
omgift,A2,2
omgift,B2,1
omöjlig,B1,3
omöjlig,B2,12
omöjlig,C1,21
omoralisk,B1,1
ömsesidig,B2,1
ömsesidig,C1,7
ömtålig,B1,1
ömtålig,B2,1
ömtålig,C1,3
omtänksam,B2,2
omtänksam,C1,8
omtyckt,B1,3
omtyckt,B2,6
omtyckt,C1,1
omvänd,B1,1
omvänd,B2,2
omyndig,B1,1
omyndig,B2,1
onaturlig,C1,4
ond,A2,1
ond,B1,6
ond,B2,12
ond,C1,8
ond,A2,1
ond,B1,2
ond,B2,22
ond,C1,7
ond,B2,2
ond,B1,3
ond,B2,1
onödig,B1,5
onödig,B2,10
onödig,C1,9
onormal,B2,2
onormal,C1,1
önskvärd,C1,4
onykter,C1,2
onyttig,B1,1
opålitlig,B1,1
opålitlig,B2,2
opålitlig,C1,2
opåverkad,C1,1
opersonlig,B1,2
opersonlig,B2,2
opersonlig,C1,3
oplanerad,C1,2
öppen,A1,6
öppen,A2,21
öppen,B1,19
öppen,B2,28
öppen,C1,18
öppen,B2,3
öppen,C1,1
opraktisk,A2,1
opraktisk,B2,3
opraktisk,C1,2
opretentiös,C1,2
opsykologisk,B2,1
orakad,A2,1
oräknelig,C1,1
orange,A2,2
orättvis,B2,6
orättvis,C1,4
ordentlig,A2,2
ordentlig,B1,5
ordentlig,B2,2
ordentlig,C1,3
ordentlig,B2,1
ordfattig,B2,1
ordinarie,B2,2
ordinarie,C1,1
ordlös,C1,2
ordrik,B2,1
orealistisk,B2,1
oregelbunden,A1,1
oregelbunden,A2,4
oregelbunden,B1,6
oregelbunden,C1,1
organisatorisk,C1,2
organisk,C1,2
orientalisk,A2,1
orientalisk,C1,1
orimlig,C1,3
orolig,A2,9
orolig,B1,19
orolig,B2,18
orolig,C1,8
orörd,A1,1
orörd,B2,1
orörlig,B2,2
orörlig,C1,4
osäker,B2,1
osäker,C1,5
osäker,B1,4
osäker,B2,9
osäker,C1,8
osammanhängande,C1,1
osams,B2,1
osams,C1,2
osann,C1,1
osannolik,B1,1
osannolik,C1,3
osjälvständig,C1,1
oskyldig,B1,2
oskyldig,B2,3
oskyldig,C1,6
oslagbar,B1,1
oslipad,A2,1
ostadig,B1,1
ostadig,C1,1
östlig,B2,1
östnordisk,B1,1
ostörd,B2,1
östra,A2,2
östra,B1,1
östra,B2,1
ostraffad,C1,1
osvensk,C1,4
osynlig,B1,2
osynlig,B2,2
osynlig,C1,8
otäck,C1,3
otacksam,C1,1
otalig,B2,2
otalig,C1,5
otålig,B2,1
otålig,C1,2
otänkbar,B2,2
otänkbar,C1,2
otrevlig,A2,3
otrevlig,B1,2
otrevlig,B2,3
otrevlig,C1,2
otrogen,B1,1
otrogen,C1,1
otryckbar,C1,1
otrygg,B2,1
otrygg,C1,1
otvivelaktig,C1,2
oundviklig,C1,3
outforskad,B1,1
outtalad,C1,5
ovan,B1,1
ovan,B2,2
ovanlig,A2,1
ovanlig,B1,5
ovanlig,B2,18
ovanlig,C1,17
ovanstående,C1,8
oväntad,B1,1
oväntad,B2,1
oväntad,C1,4
ovärderlig,B2,2
överdådig,C1,2
överförtjust,B2,2
överfull,C1,1
överkänslig,B1,3
overklig,B1,1
overklig,B2,1
överlägsen,B1,1
överlägsen,C1,7
överlupen,C1,3
överlycklig,B1,1
övernationell,B2,2
övernaturlig,B1,2
övernaturlig,B2,5
övernaturlig,C1,1
övertalig,B1,2
övervägande,B2,2
överviktig,B1,1
ovidkommande,C1,3
oviss,B1,1
oviss,B2,1
övre,B1,2
övre,B2,2
övre,C1,1
övrig,A2,4
övrig,B1,8
övrig,B2,27
övrig,C1,14
pacifistisk,B1,1
pacifistisk,C1,2
påfrestande,B1,1
påfrestande,C1,4
påhittig,B1,1
påhittig,C1,3
pålitlig,B1,4
pålitlig,B2,2
pålitlig,C1,5
pank,B1,1
pank,B2,1
påpälsad,C1,1
pappaledig,A2,2
pappaledig,B1,8
pappaledig,B2,1
pappaledig,C1,4
parallell,B2,1
parlamentarisk,B1,1
passande,A2,2
passande,B1,2
passande,B2,5
passande,C1,8
passiv,B1,11
passiv,B2,17
passiv,C1,3
påträngande,C1,2
pedagogisk,A2,1
pedagogisk,B1,1
pedagogisk,C1,1
pedagogisk,A2,1
pedagogisk,B2,1
pedagogisk,C1,4
perfekt,A1,2
perfekt,A2,15
perfekt,B1,25
perfekt,B2,25
perfekt,C1,29
perifer,C1,5
permanent,C1,1
persisk,A1,1
persisk,A2,1
persisk,B1,1
persisk,B2,3
persisk,C1,33
personlig,A1,4
personlig,B1,7
personlig,B2,14
personlig,C1,25
personlig,B2,2
personlig,C1,6
pessimistisk,B2,2
pigg,A1,2
pigg,A2,3
pigg,B1,7
pigg,B2,11
pigg,C1,2
pinsam,B1,2
pinsam,B2,2
pinsam,C1,1
pittoresk,B1,2
pittoresk,B2,1
pittoresk,C1,3
platonisk,B2,1
platt,A2,1
platt,B1,5
platt,B2,8
platt,C1,3
poetisk,B2,1
poetisk,C1,5
politisk,A2,5
politisk,B1,12
politisk,B2,19
politisk,C1,8
polsk,A1,1
polsk,C1,7
polsk,A1,3
polsk,A2,3
polsk,B1,4
polsk,C1,9
populär,A2,10
populär,B1,60
populär,B2,8
populär,C1,10
portugisisk,A2,1
portugisisk,B1,2
portugisisk,C1,2
positiv,A2,2
positiv,B1,2
positiv,B2,2
positiv,C1,4
positiv,A2,3
positiv,B1,9
positiv,B2,21
positiv,C1,26
possessiv,A1,1
possessiv,A2,4
possessiv,B1,3
possessiv,B2,3
possessiv,C1,3
postkolonial,C1,1
potent,C1,2
potentiell,C1,4
praktfull,C1,5
präktig,B2,2
praktisk,A2,1
praktisk,B1,11
praktisk,B2,5
praktisk,C1,6
praktisk,A2,1
praktisk,B1,5
praktisk,B2,3
praktisk,C1,7
pratglad,B2,1
pratig,C1,3
pratsam,A2,1
pratsam,B1,1
pratsam,B2,2
prestigefull,B2,1
pretentiös,B2,1
pretentiös,C1,2
prickig,A1,1
prickig,A2,1
prickig,B1,1
primär,C1,2
primitiv,B2,1
privat,A2,3
privat,B1,9
privat,B2,16
privat,C1,20
problematisk,B1,1
problematisk,B2,1
produktiv,B1,1
produktiv,B2,5
professionell,A2,1
professionell,B1,4
professionell,B2,1
professionell,C1,1
proffsig,B1,1
progressiv,B1,1
proteinrik,B2,1
protestantisk,B1,3
protestantisk,C1,1
provisorisk,C1,3
prydlig,B1,1
psykiatrisk,C1,1
psykisk,B1,1
psykisk,B2,4
psykisk,C1,4
psykologisk,B2,2
publik,B1,1
punktlig,A2,3
punktlig,B1,1
punktlig,C1,4
pytteliten,B2,1
rå,B1,3
rå,B2,3
rå,C1,2
rädd,A1,1
rädd,A2,7
rädd,B1,22
rädd,B2,49
rädd,C1,23
radikal,B1,1
radikal,C1,4
radioaktiv,B2,2
rådlös,B2,1
rak,A1,3
rak,A2,2
rak,B2,6
rak,C1,5
rak,A2,1
rak,B2,2
rak,C1,2
rakryggad,C1,1
randig,A1,3
randig,A2,5
randig,B1,3
randig,B2,1
rapp,B2,1
rasande,B1,5
rasande,B2,2
rasande,C1,7
rastlös,C1,2
rät,C1,6
rätt,A1,25
rätt,A2,60
rätt,B1,67
rätt,B2,65
rätt,C1,89
rättslös,C1,3
rättvis,A1,1
rättvis,A2,1
rättvis,B2,2
rättvis,C1,4
realistisk,B1,1
realistisk,B2,1
rebellisk,B2,1
rebellisk,C1,1
redaktionell,B2,1
redig,B2,1
redo,B2,5
redo,C1,2
reell,C1,3
regional,B1,2
regional,B2,5
regional,C1,1
regnig,B1,1
regnig,B2,2
regnig,C1,1
reguljär,C1,3
rejäl,A2,1
rejäl,B2,1
rekordhög,B2,1
relativ,B2,4
relativ,C1,5
relevant,B2,8
relevant,C1,7
religiös,B1,5
religiös,B2,11
religiös,C1,6
religiös,A2,1
religiös,B1,2
religiös,B2,4
religiös,C1,2
ren,A1,3
ren,A2,5
ren,B1,11
ren,B2,17
ren,C1,14
representativ,B1,2
respektfull,B1,1
respektfull,C1,1
respektlös,C1,1
restriktiv,C1,3
retorisk,B1,1
retorisk,C1,1
retsam,C1,1
rik,A2,6
rik,B1,28
rik,B2,31
rik,C1,30
riklig,B1,1
riklig,B2,1
riklig,C1,2
rikssvensk,B1,1
rikssvensk,B2,3
rikssvensk,C1,1
riktig,A2,7
riktig,B1,19
riktig,B2,30
riktig,C1,20
riktig,B1,2
riktig,B2,1
rimlig,B1,1
rimlig,B2,1
rimlig,C1,5
ringa,A1,1
ringa,A2,10
ringa,B1,4
ringa,C1,6
risig,C1,3
riskabel,B1,1
riskabel,C1,6
riskfri,B1,2
riskfri,B2,1
röd,A1,5
röd,A2,31
röd,B1,55
röd,B2,32
röd,C1,22
röd,B1,1
röd,B2,1
rödbrun,A2,1
rödbrun,C1,1
rödhårig,B1,1
rökfri,B2,1
rökfri,C1,2
rökfri,B1,1
rökfri,B2,1
rökfri,C1,1
rolig,A1,7
rolig,A2,24
rolig,B1,63
rolig,B2,25
rolig,C1,20
romansk,B2,1
romersk,B1,1
rörig,B2,2
rörig,C1,1
rörlig,B2,1
rörlig,B2,1
rörlig,C1,3
rosa,A2,3
rosa,C1,2
rosenröd,B2,1
rostig,B1,4
rostig,B2,2
rufsig,B2,1
rund,A2,1
rund,B1,8
rund,B2,3
rund,C1,7
rustik,B1,1
rutig,A1,3
rutig,A2,2
rutten,C1,2
rysk,A1,3
rysk,A2,2
rysk,B1,7
rysk,C1,5
rytmisk,B2,2
rytmisk,C1,2
sagolik,B1,1
sagolik,B2,1
säker,A2,1
säker,B1,2
säker,B2,3
säker,C1,8
saker,B1,1
säker,A2,4
säker,B1,12
säker,B2,16
säker,C1,18
saklig,B2,2
saklig,C1,9
sakta,B1,1
säll,A2,1
säll,C1,1
sällsam,C1,2
sällskaplig,B1,1
sällskaplig,B2,1
sällsynt,B1,3
sällsynt,C1,4
salt,B1,2
salt,B2,1
sam,B2,1
samhällskritisk,B1,2
samhällskritisk,C1,1
samhällsvetenskaplig,B2,1
samisk,A2,2
samisk,B1,1
samisk,B2,1
samisk,C1,5
samkönad,B2,1
samma,B2,1
samma,C1,1
sammansatt,B1,3
sammansatt,B2,2
sammansatt,C1,7
samtida,B1,1
samtida,C1,1
samtlig,A2,2
samtlig,B1,1
samtlig,B2,1
samtlig,C1,4
sån,A1,1
sån,A2,12
sån,B1,33
sån,B2,47
sån,C1,65
sankt,A2,3
sankt,B2,1
sann,A1,1
sann,A2,8
sann,B1,27
sann,B2,6
sann,C1,16
sannolik,B2,1
sannolik,C1,1
säregen,C1,2
särskild,C1,1
schweizisk,A2,1
schweizisk,B1,1
sedlig,C1,2
seg,B1,2
seg,B2,2
seg,C1,3
selektiv,C1,2
semitisk,C1,1
sen,A2,14
sen,B1,38
sen,B2,46
sen,C1,33
sensuell,B1,2
sensuell,C1,4
sentimental,A1,1
separat,A1,1
separat,A2,2
separat,B1,1
serbisk,B2,1
seren,C1,1
seriös,B1,1
seriös,B2,2
seriös,C1,5
sexårig,B1,1
sexistisk,B2,1
sexuell,B1,3
sexuell,B2,4
sexuell,C1,6
sfärisk,B1,1
sinnlig,B2,1
sinnlig,C1,2
sirlig,B2,1
sista,A1,2
sista,A2,6
sista,B1,19
sista,B2,36
sista,C1,34
själfull,C1,4
själslig,B2,1
själslig,C1,1
självbiografisk,B2,2
självbiografisk,C1,1
självklar,A2,1
självklar,B1,7
självklar,B2,11
självklar,C1,26
självlärd,C1,1
självsäker,B2,1
självsäker,C1,4
självständig,B1,3
självständig,B2,5
självständig,C1,5
självsvåldig,C1,1
sjuk,A1,5
sjuk,A2,19
sjuk,B1,41
sjuk,B2,25
sjuk,C1,16
sjuklig,B1,1
sjuklig,B2,1
sjuklig,C1,2
sjuttonårig,B2,1
skadlig,B1,2
skadlig,B2,2
skadlig,C1,1
skäggig,B2,1
skälig,C1,4
skämtsam,B1,3
skämtsam,B2,1
skandinavisk,A2,2
skandinavisk,B1,1
skandinavisk,B2,1
skandinavisk,C1,1
skånsk,A2,1
skånsk,B1,1
skånsk,B2,2
skånsk,C1,1
skär,A2,1
skär,B2,1
skär,C1,4
skev,B1,2
skicklig,B1,3
skicklig,B2,7
skicklig,C1,7
skitbra,B2,1
skitbra,C1,1
skitsnygg,B2,1
skoj,A1,3
skoj,A2,1
skoj,B1,3
skoltrött,A2,1
skön,A1,1
skön,A2,4
skön,B1,2
skön,B2,9
skön,C1,1
skön,A1,4
skön,A2,5
skön,B1,10
skön,B2,7
skön,C1,9
skön,C1,1
skönlitterär,B2,2
skönlitterär,C1,5
skränig,B1,1
skriftlig,B2,3
skriftlig,C1,23
skrockfull,B2,1
skrynklig,B2,2
skrytsam,C1,2
skum,B2,3
skum,B1,1
skum,B2,1
skum,C1,2
skygg,B2,2
skyldig,A2,2
skyldig,B1,2
skyldig,B2,7
skyldig,C1,6
slagkraftig,C1,2
släkt,A1,1
släkt,B1,1
släkt,B2,1
släpig,B2,1
slarvig,A2,3
slarvig,B1,2
slarvig,B2,1
slarvig,C1,4
slät,C1,2
slavisk,B2,3
slavisk,C1,2
slibbig,B2,1
slö,B2,1
slösaktig,B2,5
slösaktig,C1,2
slut,A2,1
slut,B1,1
slut,C1,1
slut,A1,1
slut,A2,5
slut,B1,7
slut,B2,5
slut,C1,6
småaktig,B2,1
smaklig,B1,1
smaklig,B2,2
smal,A1,4
smal,A2,7
smal,B1,13
smal,B2,12
smal,C1,6
smal,A1,1
smal,A2,1
smal,B2,1
småländsk,B1,1
småländsk,B2,2
smart,B2,5
smart,C1,4
smärt,C1,4
smärtsam,C1,3
smaskig,B2,4
smått,B2,1
smått,C1,1
smidig,B2,2
smidig,C1,2
smidig,C1,7
smittosam,B2,3
smittosam,C1,1
smutsig,A1,2
smutsig,A2,4
smutsig,B1,16
smutsig,B2,1
smutsig,C1,4
snabb,A2,2
snabb,B1,26
snabb,B2,41
snabb,C1,17
snål,B1,2
snål,B2,5
snål,C1,1
snäll,A1,1
snäll,A2,29
snäll,B1,23
snäll,B2,28
snäll,C1,32
snar,B1,1
snar,B2,1
snar,C1,3
snarlik,C1,5
snäv,C1,3
snobbig,B1,3
snopen,B2,1
snötäckt,B2,1
snurrig,B2,1
snygg,A1,3
snygg,A2,21
snygg,B1,34
snygg,B2,6
snygg,C1,7
social,A2,2
social,B1,7
social,B2,10
social,C1,38
social,B1,1
social,B2,1
social,C1,8
socialdemokratisk,A2,1
socialdemokratisk,B1,5
socialdemokratisk,B2,6
socialdemokratisk,C1,1
socialistisk,A2,1
socialistisk,B1,2
sociologisk,C1,1
södra,A1,4
södra,A2,3
södra,B1,10
södra,B2,11
södra,C1,1
solgul,B1,1
solig,A1,4
solig,A2,1
solig,B1,6
solig,B2,3
somalisk,A2,1
somalisk,B1,2
somlig,B1,1
somlig,B2,3
somlig,C1,5
sommarlovsledig,C1,1
sömnig,A1,2
sömnig,A2,2
sömnig,B1,1
sömnig,B2,2
sorglig,B2,4
sorglig,C1,2
sorgsen,B2,7
sorgsen,C1,7
söt,A1,3
söt,A2,6
söt,B1,14
söt,B2,6
söt,C1,3
späd,B1,1
späd,B2,1
spänd,B2,1
spännande,A1,2
spännande,A2,6
spännande,B1,25
spännande,B2,12
spännande,C1,8
spansk,A1,6
spansk,A2,4
spansk,B1,15
spansk,B2,5
spansk,C1,11
sparsam,A2,1
sparsam,B1,2
sparsam,B2,10
sparsam,C1,5
speciell,A1,2
speciell,A2,8
speciell,B1,22
speciell,B2,18
speciell,C1,30
specifik,B2,3
spektakulär,B1,1
spinkig,C1,2
spökaktig,B2,1
spontan,B2,5
spontan,C1,6
sportig,B1,3
sportig,C1,1
språkkunnig,C1,1
språklig,A2,1
språklig,B2,1
språklig,C1,38
sprängd,B2,1
sprängd,C1,1
sprängfull,B1,1
spridd,B2,2
spridd,C1,2
stabil,A2,1
stabil,B1,2
stabil,B2,2
stabil,C1,7
stackars,A1,1
stackars,A2,4
stackars,B1,5
stackars,B2,2
stackars,C1,1
städad,B1,1
ständig,B1,2
ständig,B2,9
ständig,C1,7
stark,A1,4
stark,A2,5
stark,B1,37
stark,B2,53
stark,C1,45
stark,B1,4
stark,B2,2
stark,C1,2
stark,A2,1
stark,B1,3
stark,C1,4
stark,B1,4
stark,B2,3
statisk,C1,4
statistisk,A1,1
statistisk,B1,1
statistisk,B2,2
statistisk,C1,11
statlig,B1,2
statlig,B2,4
statlig,C1,5
ståtlig,C1,7
stel,B1,1
stel,B2,5
stel,C1,3
stendöd,B1,1
stenhård,B2,2
stenhård,C1,1
stenrik,C1,3
stereotyp,B2,1
stereotyp,C1,1
stilig,B1,2
stilig,B2,1
stilig,C1,2
stilistisk,C1,1
stilla,B1,2
stilla,B2,3
stilla,C1,6
stirrig,C1,2
stöddig,C1,2
stökig,A1,2
stökig,B2,1
stolt,A2,13
stolt,B1,3
stolt,B2,10
stolt,C1,5
stor,A1,35
stor,A2,104
stor,B1,304
stor,B2,351
stor,C1,359
stormig,B1,1
stormig,B2,1
stormig,C1,1
storslagen,B2,1
storslagen,C1,3
storvulen,C1,2
sträng,A2,1
sträng,B1,5
sträng,B2,2
sträng,C1,6
sträv,C1,3
stressig,A2,6
stressig,B1,3
stressig,C1,1
stresstålig,B2,2
stresstålig,C1,3
strid,C1,4
strikt,B2,1
stum,B2,2
stum,C1,1
stygg,B1,1
subjektiv,B1,1
subjektiv,C1,2
subtil,B2,1
subtropisk,C1,3
sund,B2,4
sund,C1,3
sur,A2,1
sur,B1,2
sur,A2,1
sur,B1,3
sur,B2,7
sur,C1,7
svag,A1,3
svag,A2,1
svag,B1,4
svag,B2,8
svag,C1,11
sval,A1,1
sval,B2,1
sval,C1,1
svår,A1,3
svår,A2,20
svår,B1,99
svår,B2,70
svår,C1,127
svår,B2,1
svår,C1,2
svart,A1,4
svart,A2,17
svart,B1,28
svart,B2,22
svart,C1,9
svart,C1,1
svartklädd,B1,1
svartklädd,B2,1
svartsjuk,A2,1
svartsjuk,B1,5
svartsjuk,B2,4
svartvit,B1,1
svensk,A1,29
svensk,A2,86
svensk,B1,138
svensk,B2,129
svensk,C1,109
svensk,A1,30
svensk,A2,41
svensk,B1,69
svensk,B2,33
svensk,C1,92
svenskfödd,B2,2
svensktalande,B1,1
svensk-tysk,B2,2
svettig,B1,9
svettig,B2,1
svullen,A2,1
svullen,B1,1
sydafrikansk,C1,1
sydlig,A2,1
sydlig,B2,1
sydostasiatisk,C1,1
sydöstra,A1,1
sydöstra,B2,1
sydsamisk,C1,4
sydsvensk,B2,2
sydvästra,B1,2
sydvästra,B2,2
sympatisk,B1,2
sympatisk,C1,2
synlig,B2,1
synlig,C1,2
syrefri,B1,1
sysslolös,A2,1
sysslolös,B2,1
systematisk,B2,1
systematisk,C1,1
tabu,C1,1
tacksam,B1,2
tacksam,B2,4
tacksam,C1,1
tafatt,B2,1
tajt,C1,3
tålig,C1,5
talspråklig,C1,3
tam,C1,1
tandlös,C1,1
tänkbar,B2,1
tänkbar,C1,5
tanklös,B2,1
tanklös,C1,2
tapper,B2,2
tapper,C1,2
tarvlig,C1,2
taskig,B1,1
taskig,C1,3
tät,B1,2
tät,B2,5
tät,C1,7
tendentiös,C1,2
teologisk,C1,1
teoretisk,A2,2
teoretisk,C1,2
textil,B1,1
thailändsk,A1,2
thailändsk,A2,3
thailändsk,B1,2
tibetansk,B2,1
tidig,A2,2
tidig,B1,12
tidig,B2,13
tidig,C1,23
tillåten,B2,1
tillåten,C1,3
tillbakahållen,B2,1
tillfällig,B2,2
tillfällig,C1,3
tillförlitlig,C1,4
tillfreds,C1,2
tillgänglig,C1,7
tillkommande,B2,1
tillräcklig,B2,11
tillräcklig,C1,12
tioårig,B2,2
tioårig,C1,2
tjatig,B2,1
tjatig,C1,1
tjock,A1,5
tjock,A2,7
tjock,B1,13
tjock,B2,8
tjock,C1,9
tjock,B1,1
tjugoförsta,A1,3
tjugoförsta,A2,1
tjugoförsta,B2,2
tjurig,B2,1
töjbar,B2,1
tokig,B2,7
tokig,C1,7
tolerant,B2,1
tolerant,C1,1
tom,A1,2
tom,A2,1
tom,B1,7
tom,B2,9
tom,C1,8
töntig,A2,1
töntig,C1,1
toppenbra,C1,1
torr,A1,2
torr,A2,4
torr,B1,5
torr,B2,2
torr,C1,7
törstig,A1,2
törstig,A2,5
törstig,B1,1
törstig,B2,3
törstig,C1,1
total,A2,1
total,B1,1
total,B2,5
total,C1,3
traditionell,A2,5
traditionell,B1,5
traditionell,B2,6
traditionell,C1,2
träffsäker,C1,1
träig,C1,2
tråkig,A1,4
tråkig,A2,8
tråkig,B1,29
tråkig,B2,11
tråkig,C1,14
trång,B1,5
trång,B2,4
trång,C1,7
trångbodd,C1,1
trasig,A2,1
trasig,B1,7
trasig,B2,1
trasig,C1,1
trasslig,B1,1
treårig,A2,2
trendkänslig,B1,1
treradig,C1,1
trestjärnig,C1,1
trettioårig,B2,1
trettioårig,C1,3
trevlig,A1,13
trevlig,A2,34
trevlig,B1,52
trevlig,B2,24
trevlig,C1,18
trist,B1,2
trist,B2,1
trist,C1,5
trivsam,B2,1
trög,B2,3
trög,C1,1
trojansk,C1,2
trolig,C1,4
trollkunnig,B2,2
trotsig,C1,2
trött,A1,13
trött,A2,36
trött,B1,43
trött,B2,34
trött,C1,23
trött,A2,1
tröttsam,B1,1
trovärdig,C1,3
trygg,B2,2
trygg,C1,3
trygg,B1,2
trygg,B2,6
trygg,C1,6
tuff,A2,2
tuff,B1,2
tuff,B2,8
tuff,C1,9
tung,A1,2
tung,A2,7
tung,B1,21
tung,B2,10
tung,C1,11
tunisisk,A2,2
tunisisk,C1,1
tunn,A1,2
tunn,A2,1
tunn,B1,4
tunn,B2,1
tunn,C1,5
tunn,A1,1
tunn,C1,2
turkisk,A1,1
turkisk,A2,2
turkisk,B1,6
turkisk,B2,2
turkisk,C1,16
tvåhjulig,C1,1
tvärgående,B2,1
tvåspråkig,A2,1
tvåspråkig,B2,7
tvåspråkig,C1,2
tveksam,B1,1
tveksam,C1,2
tydlig,B1,6
tydlig,B2,15
tydlig,C1,37
tydlig,B2,1
tydlig,C1,2
typisk,A1,1
typisk,A2,8
typisk,B1,20
typisk,B2,18
typisk,C1,26
tysk,A1,15
tysk,A2,4
tysk,B1,12
tysk,B2,14
tysk,C1,19
tysk,B1,2
tysk,C1,1
tyst,A2,9
tyst,B1,13
tyst,B2,24
tyst,C1,11
tystlåten,A2,1
tystlåten,B1,1
tystlåten,B2,2
tystlåten,C1,2
udda,A1,2
udda,B2,1
udda,C1,2
underbar,A1,3
underbar,A2,6
underbar,B1,8
underbar,B2,8
underbar,C1,4
underjordisk,C1,2
underlig,B1,1
underlig,B2,10
underlig,C1,9
undre,B1,1
ung,A1,2
ung,A2,25
ung,B1,74
ung,B2,43
ung,C1,54
ungdomlig,C1,2
ungefärlig,C1,1
ungersk,A2,3
ungersk,B1,1
ungersk,B2,1
ungersk,C1,2
unik,A2,2
unik,B1,3
unik,B2,2
unik,C1,1
universell,C1,3
uppenbar,C1,5
uppmärksam,B2,2
uppmärksam,C1,5
uppriktig,A2,1
uppriktig,C1,4
upprörd,B2,1
upprörd,C1,8
upprymd,B1,1
uppsluppen,C1,2
uppstånden,C1,1
uråldrig,C1,3
uralisk,B2,1
urdålig,A2,1
urdålig,B2,1
urdålig,C1,1
urgammal,B2,1
urgermansk,C1,1
urminnes,C1,1
urnordisk,B2,1
ursinnig,B2,2
ursinnig,C1,1
ursprunglig,B1,1
ursprunglig,B2,2
ursprunglig,C1,7
urusel,B1,2
urusel,B2,1
usel,B1,1
usel,B2,1
usel,C1,9
utåtriktad,B1,2
utåtriktad,C1,2
utbytbar,C1,9
utdöd,B1,1
utfattig,B2,1
uthållig,B2,2
utländsk,A1,2
utländsk,A2,2
utländsk,B1,9
utländsk,B2,26
utländsk,C1,17
utomäktenskaplig,C1,2
utomeuropeisk,C1,1
utomjordisk,C1,1
utpräglad,B2,1
utpräglad,C1,8
utstuderad,C1,2
uttrycksfull,B2,2
uttryckslös,C1,1
utvilad,B2,2
vacker,A1,6
vacker,A2,29
vacker,B1,70
vacker,B2,61
vacker,C1,29
vag,C1,1
våghalsig,C1,2
vaken,A2,3
vaken,B1,3
vaken,B2,7
vaksam,C1,2
välbekant,B2,1
välbekant,C1,1
välbetald,B1,2
väldig,B1,4
väldig,B2,7
väldig,C1,7
våldsam,B1,1
våldsam,B2,3
våldsam,C1,2
välförtjänt,B2,1
välfunnen,C1,1
välfylld,B2,2
välkänd,C1,1
välkommen,A1,2
välkommen,A2,11
välkommen,B1,9
välkommen,B2,6
välkommen,C1,6
välplanerad,B1,1
välplanerad,C1,1
vältränad,B1,1
van,B1,7
van,B2,14
van,C1,11
vän,B1,2
vänlig,B1,8
vänlig,B2,17
vänlig,C1,12
vanlig,A1,1
vanlig,A2,20
vanlig,B1,32
vanlig,B2,85
vanlig,C1,92
vänster,A1,1
vänster,A2,1
vänster,B1,2
vänster,B2,32
vänster,C1,8
varaktig,B2,1
värd,A2,1
värd,B1,3
värd,B2,8
värd,C1,13
vardaglig,A2,1
vardaglig,B1,5
vardaglig,B2,4
vardaglig,C1,12
värdefull,B1,5
värdefull,B2,2
värdefull,C1,1
värdelös,B1,1
värdelös,B2,3
vårdslös,B2,1
världskänd,B2,1
vårlig,A2,1
varlig,A2,1
varm,A1,9
varm,A2,17
varm,B1,31
varm,B2,26
varm,C1,21
varm,A2,1
varm,B1,1
varm,B2,2
varm,C1,2
värmländsk,B1,1
värnpliktig,A2,1
värnpliktig,B1,1
varsam,B2,1
väsentlig,C1,3
vass,B2,6
vass,C1,1
västindisk,C1,1
västlig,A1,1
västlig,B2,2
västra,A1,4
västra,A2,2
västra,B1,3
västra,B2,2
våt,A1,3
våt,B1,5
våt,B2,9
våt,C1,2
vattnig,A2,1
vattnig,C1,6
växelvarm,C1,3
vedertagen,C1,4
vegetarisk,A2,2
vegetarisk,B1,1
vemodig,B2,1
verbal,B1,1
verbal,C1,9
veritabel,C1,2
verklig,B1,5
verklig,B2,7
verklig,C1,17
verksam,B1,1
verksam,B2,2
verksam,C1,2
verkställande,B1,1
verkställande,B2,2
verkställande,C1,1
vetenskaplig,B1,1
vetenskaplig,B2,4
vetenskaplig,C1,9
vettskrämd,B2,2
vid,A1,1
vid,A2,1
vid,B1,4
vid,B2,3
vid,C1,2
vidöppen,C1,2
vidrig,C1,3
vidskeplig,B2,1
vidsträckt,C1,2
vietnamesisk,B1,3
vietnamesisk,C1,1
viktig,A2,11
viktig,B1,80
viktig,B2,138
viktig,C1,131
viktig,A2,4
viktig,B1,10
viktig,B2,20
viktig,C1,13
viktlös,B1,3
vild,A2,1
vild,B1,7
vild,B2,5
vild,C1,3
viljelös,C1,1
villig,C1,6
vilsen,C1,5
vingad,B1,2
virtuell,B1,4
virtuell,C1,1
vis,B2,1
vis,C1,1
viss,A2,3
viss,B1,22
viss,B2,52
viss,C1,71
viss,A2,3
viss,B1,6
viss,B2,12
viss,C1,7
vissen,B1,1
vissen,C1,1
visuell,C1,4
vit,A1,13
vit,A2,30
vit,B1,38
vit,B2,18
vit,C1,16
vital,C1,3
vitskäggig,B2,1
vördig,B2,1
vresig,B2,5
vuxen,A2,8
vuxen,B1,14
vuxen,B2,24
vuxen,C1,21
ynka,C1,2
ynklig,C1,3
ypperlig,B2,1
ypperlig,C1,1
yr,A2,2
yr,B2,3
yr,C1,1
ytlig,B2,4
ytlig,C1,2
ytterlig,A2,1
ytterlig,B1,3
ytterlig,B2,10
ytterlig,C1,5
yttre,B2,8
yttre,C1,11
yvig,C1,2
yvig,B2,1
